
-- phpMyAdmin SQL Dump
-- version 3.5.2.2
-- http://www.phpmyadmin.net
--
-- Inang: localhost
-- Waktu pembuatan: 09 Apr 2018 pada 02.20
-- Versi Server: 10.1.22-MariaDB
-- Versi PHP: 5.2.17

SET SQL_MODE="NO_AUTO_VALUE_ON_ZERO";
SET time_zone = "+00:00";


/*!40101 SET @OLD_CHARACTER_SET_CLIENT=@@CHARACTER_SET_CLIENT */;
/*!40101 SET @OLD_CHARACTER_SET_RESULTS=@@CHARACTER_SET_RESULTS */;
/*!40101 SET @OLD_COLLATION_CONNECTION=@@COLLATION_CONNECTION */;
/*!40101 SET NAMES utf8 */;

--
-- Basis data: `u246930799_tsur`
--

-- --------------------------------------------------------

--
-- Struktur dari tabel `appmenu`
--

CREATE TABLE IF NOT EXISTS `appmenu` (
  `MenuID` int(11) NOT NULL AUTO_INCREMENT,
  `Sort` int(11) NOT NULL,
  `ParentID` int(11) DEFAULT NULL,
  `Title` varchar(500) DEFAULT NULL,
  `Link` varchar(500) DEFAULT NULL,
  PRIMARY KEY (`MenuID`)
) ENGINE=MyISAM  DEFAULT CHARSET=latin1 AUTO_INCREMENT=16 ;

--
-- Dumping data untuk tabel `appmenu`
--

INSERT INTO `appmenu` (`MenuID`, `Sort`, `ParentID`, `Title`, `Link`) VALUES
(1, 0, 0, 'Dashboard', '/admin/dashboard'),
(2, 0, 0, 'Services', '/admin/services'),
(3, 0, 0, 'About', '/admin/about'),
(4, 0, 0, 'Blog', '/admin/dashboard'),
(5, 0, 4, 'News', '/admin/news'),
(6, 1, 4, 'Article', '/admin/article'),
(7, 0, 0, 'ISO', '/admin/iso'),
(8, 0, 0, 'Portfolio', '/admin/portfolio'),
(9, 0, 0, 'Testimonials', '/admin/testimoni'),
(10, 0, 0, 'Contact', '/admin/contact'),
(11, 0, 0, 'Team', '/admin/team'),
(12, 0, 0, 'Users', '/admin/users'),
(13, 0, 0, 'Client', '/admin/client'),
(14, 0, 0, 'Layanan', '/admin/layanan'),
(15, 0, 0, 'Menu', '/admin/menu');

-- --------------------------------------------------------

--
-- Struktur dari tabel `barang`
--

CREATE TABLE IF NOT EXISTS `barang` (
  `id_barang` int(100) NOT NULL AUTO_INCREMENT,
  `kode_barang` varchar(50) DEFAULT NULL,
  `nama_barang` varchar(100) NOT NULL,
  `keterangan` text,
  PRIMARY KEY (`id_barang`)
) ENGINE=MyISAM  DEFAULT CHARSET=latin1 AUTO_INCREMENT=6 ;

--
-- Dumping data untuk tabel `barang`
--

INSERT INTO `barang` (`id_barang`, `kode_barang`, `nama_barang`, `keterangan`) VALUES
(1, 'KHR', 'Khimar', 'Jilbab Khimar Syari'),
(3, 'GS', 'Gamis Syari', 'Gamis syari'),
(4, 'SGS', 'Set Gamis Syari', 'Gamis dan khimar'),
(5, 'INR', 'Inner', 'Inner daleman jilbab');

-- --------------------------------------------------------

--
-- Struktur dari tabel `menuutama`
--

CREATE TABLE IF NOT EXISTS `menuutama` (
  `id` int(11) NOT NULL AUTO_INCREMENT,
  `sort` int(11) NOT NULL,
  `parentid` int(11) NOT NULL,
  `title` varchar(100) NOT NULL,
  `link` varchar(100) NOT NULL,
  PRIMARY KEY (`id`)
) ENGINE=MyISAM  DEFAULT CHARSET=latin1 AUTO_INCREMENT=9 ;

--
-- Dumping data untuk tabel `menuutama`
--

INSERT INTO `menuutama` (`id`, `sort`, `parentid`, `title`, `link`) VALUES
(1, 0, 0, 'Home', '/home'),
(2, 1, 0, 'Investor', '/users'),
(8, 2, 2, 'Tambah Investor', '/add');

-- --------------------------------------------------------

--
-- Struktur dari tabel `pengeluaran`
--

CREATE TABLE IF NOT EXISTS `pengeluaran` (
  `id_pengeluaran` int(10) NOT NULL AUTO_INCREMENT,
  `nama` varchar(100) NOT NULL,
  `keterangan` text,
  `jumlah` float NOT NULL,
  `tanggal` date NOT NULL,
  PRIMARY KEY (`id_pengeluaran`)
) ENGINE=MyISAM  DEFAULT CHARSET=latin1 AUTO_INCREMENT=161 ;

--
-- Dumping data untuk tabel `pengeluaran`
--

INSERT INTO `pengeluaran` (`id_pengeluaran`, `nama`, `keterangan`, `jumlah`, `tanggal`) VALUES
(4, 'Bensin, parkir dan tol belanja', 'transport', 120000, '2017-04-03'),
(5, 'lakban', 'beli lakban 2pcs', 24000, '2017-04-03'),
(6, 'pulsa internet', 'pulsa internet untuk satu bulan', 100000, '2017-04-03'),
(7, 'transport', 'grab shipping barang tamcit-bekasi', 50000, '2017-04-04'),
(8, 'transport Grabike', 'grab bike shipping barang tamcit-bekasi (mas nya minta tambahan ongkos 10rb)', 60000, '2017-04-05'),
(9, 'fotokopi form alamat pengiriman', 'fotokopi', 30000, '2017-04-09'),
(10, 'Bensin, parkir dan tol belanja', 'transport', 120000, '2017-04-08'),
(11, 'Plastik', 'Beli plastik untuk packing 7pak uk 25 & 35', 153000, '2017-04-12'),
(12, 'Transport', 'Grab bike dari tamcit-bekasi (abang nya minta 90rb)', 90000, '2017-04-12'),
(13, 'Transport', 'Transport belanja ke thamrin. bensin, & parkir', 30000, '2017-04-15'),
(14, 'Biaya promosi instagram', 'Iklan berbayar instagram tgl 3-13 april', 200000, '2017-04-03'),
(15, 'Iklan instagram', 'Promosi iklan berbayar instagram 14-24 april', 200000, '2017-04-14'),
(16, 'Lakban', 'Beli lakban 2 pcs', 24000, '2017-04-16'),
(17, 'Plastik bening khimar', 'Beli plastik bening untuk khimar', 30000, '2017-04-18'),
(18, 'Beli mini broch', 'Mini broch untuk promo gift min order 2pcs dapat gift', 120000, '2017-04-18'),
(19, 'Ongkir retur', 'Ongkir untuk kirim barang retur customer', 25000, '2017-04-15'),
(20, 'Ongkir wahana', 'Ambil gamis dari tamcit ke bekasi via wahana', 50000, '2017-04-21'),
(21, 'Beli mini broch untuk special gift', 'Beli 3 kodi mini broch untuk special gift', 90000, '2017-04-23'),
(24, 'Iklan berbayar instagram', 'Iklan berbayar instagram dari tgl 24-31', 160000, '2017-04-24'),
(23, 'Transport, parkir, tol', 'Transport mobil ambil barang ke tamcit, dari bekasi ke tamcit jakarta pusat', 120000, '2017-04-23'),
(25, 'Bensin, parkir, tol belanja', 'Transport ke tamcit dari bekasi', 120000, '2017-04-29'),
(26, 'Give away spamlike', 'Give away untuk spamlike 2 orang', 100000, '2017-04-29'),
(27, 'Lakban', 'Beli lakban 3pcs', 36000, '2017-04-29'),
(28, 'Pulsa internet admin', 'Pulsa', 100000, '2017-05-01'),
(29, 'Bayar iklan', 'Iklan berbayar instagram 10hari tgl 3-13 mei 2017', 200000, '2017-05-03'),
(31, 'Transport grab', 'Ambil barang 15-20 kg khimar dari tamcit ke bekasi', 100000, '2017-05-04'),
(32, 'Ongkir retur barang customer', 'Ada sedikit cacat cust mau retur dari kediri ke bekasi', 19000, '2017-05-04'),
(33, 'Bensin, parkir dan tol', 'Transport ambil barang pakai mobil pp bekasi tamcit', 120000, '2017-05-06'),
(34, 'Bensin, parkir, tol', 'Transport ke tamcit', 120000, '2017-05-13'),
(35, 'Iklan instagram', 'Iklan berbayar $10/5hari', 137000, '2017-05-14'),
(36, 'Beli lakban 1pcs', 'Lakban untuk packing', 15000, '2017-05-17'),
(37, 'Lakban 2pcs', '', 26000, '2017-05-26'),
(38, 'Ongkir gojekin barang dr tamcit', '', 86000, '2017-05-26'),
(39, 'Parkir, tol, bensin ke tamcit ambil barang', '', 120000, '2017-05-27'),
(40, 'Iklan instagram', 'Budget 150000 = 8hari', 150000, '2017-05-27'),
(41, 'Transport gojek', 'Ambil brg lagi karena stok menipis 2 kloter dalam satu hari', 145000, '2017-05-30'),
(42, 'Lakban', 'Beli 2 pcs lakban', 27000, '2017-05-31'),
(43, 'Beli lakban', '4', 48000, '2017-06-02'),
(44, 'Gojek dr ratu hijab tamcit', 'Ambil brg', 86000, '2017-06-03'),
(45, 'Gojek supliyer gamis', 'Dr rumahjahit duren sawit', 25000, '2017-06-04'),
(46, 'Ongkir wahana iva tamcit', 'Wahana', 75000, '2017-06-05'),
(47, 'Beli bolpoin', '', 4000, '2017-06-06'),
(48, 'Gojek dr tamcit', 'Order dr ratu hijab', 70000, '2017-06-08'),
(49, 'Wahana al-hijrah', 'Ongkir wahana', 36000, '2017-06-09'),
(50, 'Wahana ratu hijab', 'Ongkir krm barang ratu hijab', 40, '2017-06-09'),
(51, 'Pulsa internet admin', 'Pulsa admin', 100000, '2017-06-01'),
(52, 'Plastik pembungkus dan lakban', '', 260000, '2017-06-13'),
(54, 'Ongkir retur customer', 'Barang reject', 27000, '2017-06-12'),
(55, 'Print & fotokopi format alamat', '', 25000, '2017-06-14'),
(56, 'Iklan berbayar instagram ', '5 hari iklan', 130000, '2017-06-12'),
(57, 'Hadiah give away', 'Hadiah untuk 3 orang dan ongkir', 244000, '2017-06-15'),
(58, 'Pulsa internet admin', '', 100000, '2017-07-03'),
(59, 'Ongkir gojek ratu hijab', '', 60000, '2017-07-05'),
(62, 'Iklan berbayar instagram', 'Budget 5 hari iklan', 120000, '2017-07-10'),
(61, 'Bensin parkir dan tol', '', 120000, '2017-07-08'),
(63, 'Ongkos bensin tol parkir ke tamcit', 'Ongkos transport', 120000, '2017-07-14'),
(64, 'Ongkir dr tamcit', 'Ongkir gojek', 90000, '2017-07-12'),
(65, 'Ongkir wahana dari ratu hijab tamcit', '', 45000, '2017-07-17'),
(66, 'Ongkir wahana dr tamcit', '', 45000, '2017-07-19'),
(67, 'Beli plastik dan lakban packging', '', 240000, '2017-07-20'),
(68, 'Bensin parkir dan tol ambil barang', '', 120000, '2017-07-29'),
(69, 'Hadiah voucher ootd untuk 2 customer', '', 200000, '2017-07-15'),
(70, 'Ongkir wahana suma tamcit', 'Gamis', 50000, '2017-07-19'),
(71, 'Gift broch setiap pembelian', '', 160000, '2017-08-01'),
(72, 'Iklan berbayar ig', 'Iklan 8 hari', 150000, '2017-08-07'),
(73, 'Ongkos gojek barang dr tamcit', '', 80000, '2017-08-06'),
(74, 'Gojek barang dr tamcit', '', 80000, '2017-08-08'),
(75, 'Ongkir wahana dr supliyer iva', '', 54000, '2017-08-09'),
(76, 'Transport ambil barang', '', 120000, '2017-08-12'),
(77, 'Hadiah give away instagran', '', 180000, '2017-08-25'),
(78, 'Ongkir wahana iva', '', 48000, '2017-08-24'),
(79, 'Ongkir wahana rahmat sanjaya', '', 24000, '2017-08-23'),
(80, 'Ongkir wahana ratu hijab', '', 108000, '2017-08-21'),
(81, 'Beli plastik pembungkus & lakban', '', 110000, '2017-08-21'),
(82, 'Iklan ig satu bulan full', '', 1275000, '2017-09-03'),
(83, 'Pasang internet', '', 750000, '2017-09-04'),
(84, 'Decosit background foto', '', 250000, '2017-09-02'),
(85, 'Iklan shopee pencarian teratas', '', 250000, '2017-09-11'),
(86, 'Plastik packing dan lakban', '', 180000, '2017-09-12'),
(87, 'Iklan instagram 10 hari 2 produk', '', 460000, '2017-09-20'),
(88, 'Hadiah give away spamlike', '5 orang pemenang', 400000, '2017-09-30'),
(89, 'Gaji admin', '', 600000, '2017-09-30'),
(90, 'Beli plastik dan lakban', '', 218000, '2017-10-01'),
(91, 'Iklan facebook', '', 500000, '2017-10-01'),
(92, 'Iklan intagram 3 hari', '', 135000, '2017-10-07'),
(93, 'Iklan instagram 20 hari', 'Sesuai budget', 1500000, '2017-10-10'),
(94, 'Endorse selebgram eviearief', 'Di upload bulan depan', 250000, '2017-10-01'),
(95, 'Bagi hasil wika kumala', '', 48556, '2017-10-21'),
(96, 'Beli lakban dan plastik', '', 180000, '2017-10-21'),
(97, 'Endorse buat bulan november', 'Endorse 3pcs', 450000, '2017-10-25'),
(98, 'Give away 5 khimar', '', 250000, '2017-10-31'),
(99, 'Gaji admin', 'Bulan oktober 23 hari', 690000, '2017-11-02'),
(100, 'Lakban dan plastik', '', 123000, '2017-11-22'),
(101, 'Foto katalog profesional', '', 550000, '2017-11-20'),
(102, 'Give away spamlike', '', 150000, '2017-11-20'),
(103, 'Iklan instagram 1 bulan', '', 1500000, '2017-11-02'),
(104, 'Internet', '', 215000, '2017-11-15'),
(105, 'Give away akun @tausiahmuslimah 3 orang', '', 250000, '2017-11-30'),
(106, 'Beli lakban dan plastik pembungkus', '', 126000, '2017-11-25'),
(107, 'Foto kopi form alamat kirim barang', '', 10000, '2017-11-30'),
(108, 'Gaji admin packing 1 orang', '22 hari X 30rb', 660000, '2017-11-30'),
(109, 'Iklan satu bulan desember', 'Fb dan ig', 2000000, '2017-12-03'),
(110, 'Beli packaging dan lakban', '', 270000, '2017-12-07'),
(111, 'Give away gamis simple dan ongkir', '', 125000, '2017-12-15'),
(112, 'Bonus untuk reseller terbanyak penjualan', '3 org reseller', 200000, '2017-12-18'),
(113, 'Gaji karyawan packing', 'Masuk 21 hari', 630000, '2017-12-31'),
(114, 'Iklan shopee', '', 500000, '2017-12-20'),
(115, 'Internet', '', 225000, '2017-12-10'),
(116, 'Iklan satu bulan januari', '', 1500000, '2018-01-01'),
(117, 'Internet januari', '', 225000, '2018-01-10'),
(118, 'Iklan IG Maintenance', '', 500000, '2018-01-01'),
(119, 'Packaging dan lakban', '', 340000, '2018-01-07'),
(120, 'Packaging dan lakban', '', 271000, '2018-01-30'),
(121, 'Foto kopi form alamat kirim barang', '', 50000, '2018-01-10'),
(122, 'Giveaway spamlike follower+pulsa 50rb hadiah hiburan', '', 264000, '2018-01-20'),
(123, 'Foto katalog 10 barang+ongkir kirim brg nya', '', 1068000, '2018-01-10'),
(124, 'Gaji admin packing+lembur 2 hari', '23harix30rb=690rb tambah leburan 2hari 60rb', 750000, '2018-01-31'),
(125, 'Penghargaan reseller 3 orang cashback', '', 200000, '2018-01-31'),
(127, 'Gaji admin packing 2 (1hari masuk)', '', 30000, '2018-01-31'),
(128, 'Endorse ig @adeliapasha total 2jt+khimar 55rb+ongkir15', 'Baru di upload tgl 31 januari sama kak adel', 2070000, '2018-01-01'),
(129, 'Packaging', 'Packaging', 120000, '2018-02-01'),
(130, 'IKlan IG', 'Iklan Instagram', 2000000, '2018-02-01'),
(131, 'VIdeo Katalog', 'Video Katalog Endors', 300000, '2018-02-07'),
(132, 'Sewa Studio Foto', 'Studio Photo keperluan katalog produk', 120000, '2018-02-13'),
(133, 'Internet', 'Bayar Internet keperluan penjualan Oline', 475000, '2018-02-10'),
(134, 'Biaya Lain Lain', 'Biaya kirim barang return (reject )ke jakarta', 200000, '2018-02-15'),
(135, 'Iklan Shopee', 'Iklan shopee periode februari', 1000000, '2018-02-01'),
(136, 'Packaging', 'Packaging', 210000, '2018-02-15'),
(137, 'Insentif admin', 'Insentif admin untuk 2 orang ', 100000, '2018-02-28'),
(138, 'Gaji Admin', 'Gaji Admin untuk 2 orang', 1230000, '2018-02-28'),
(139, 'Give Away', 'Give Away periode kedua', 150000, '2018-02-28'),
(140, 'Give Away', 'Give Away periode pertama', 325000, '2018-02-15'),
(141, 'Properti', 'Beli karpet bulu untuk pemotretan katalog produk', 170000, '2018-02-20'),
(142, 'Packaging', 'Beli keperluan packaging', 230000, '2018-03-12'),
(143, 'Jahit label', 'Ongkos jahit label', 644000, '2018-03-07'),
(144, 'Jahit label', 'Ongkos jahit label', 300000, '2018-03-12'),
(145, 'Fotocopy ATK', 'Fotocopy keperluan pengiriman', 30000, '2018-03-12'),
(146, 'Ongkos Expedisi', 'Ongkos expedisi periode s/d 14 maret 2018', 1522000, '2018-03-14'),
(147, 'Jahit label', 'Ongkos jahit label', 150000, '2018-03-19'),
(148, 'Jahit label', 'Ongkos jahit label', 425000, '2018-03-26'),
(149, 'Ongkos Expedisi', 'Ongkos expedisi jakarta solo', 445500, '2018-03-22'),
(150, 'Ongkos Expedisi', 'Ongkos expedisi jakarta solo', 313000, '2018-03-19'),
(151, 'Ongkos Expedisi', 'Ongkos expedisi jakarta solo', 317000, '2018-03-27'),
(152, 'Ongkos Expedisi', 'Ongkos expedisi jakarta solo', 297000, '2018-03-30'),
(153, 'Jahit label', 'Ongkos jahit label', 318000, '2018-03-29'),
(154, 'Iklan', 'Tagihan Sebulan Iklan Instagram, Facebook, shopee', 3500000, '2018-03-31'),
(155, 'Packaging', 'Alat Atk + photocopy', 225000, '2018-03-31'),
(156, 'Foto Catalog', 'Foto Catalog Selebgram', 900000, '2018-03-22'),
(157, 'Iklan', 'Iklan Instagram 1 bulan', 3000000, '2018-04-02'),
(159, 'Gaji Karyawan ', 'Gaji Karyawan 3 Orang\r\n1. 770000\r\n2. 245000\r\n3. 240000', 1255000, '2018-03-31'),
(160, 'Jahit label', 'Ongkos Jahit label', 293, '2018-04-03');

-- --------------------------------------------------------

--
-- Struktur dari tabel `penjualan`
--

CREATE TABLE IF NOT EXISTS `penjualan` (
  `id_penjualan` int(100) NOT NULL AUTO_INCREMENT,
  `tanggal` date NOT NULL,
  `id_barang` int(100) NOT NULL,
  `jumlah` float NOT NULL,
  `laba` float NOT NULL,
  `keterangan` text,
  PRIMARY KEY (`id_penjualan`)
) ENGINE=MyISAM  DEFAULT CHARSET=latin1 AUTO_INCREMENT=397 ;

--
-- Dumping data untuk tabel `penjualan`
--

INSERT INTO `penjualan` (`id_penjualan`, `tanggal`, `id_barang`, `jumlah`, `laba`, `keterangan`) VALUES
(9, '2017-04-03', 1, 20, 500000, ''),
(10, '2017-04-04', 1, 31, 740000, ''),
(11, '2017-04-05', 1, 29, 840000, ''),
(12, '2017-04-06', 1, 29, 920000, ''),
(13, '2017-04-07', 1, 12, 315000, ''),
(14, '2017-04-08', 1, 15, 410000, ''),
(15, '2017-04-09', 1, 30, 855000, ''),
(16, '2017-04-09', 3, 3, 75000, ''),
(17, '2017-04-10', 1, 25, 670000, ''),
(18, '2017-04-11', 1, 15, 385000, ''),
(19, '2017-04-11', 5, 13, 65000, ''),
(20, '2017-04-11', 5, 13, 65000, ''),
(21, '2017-04-11', 4, 1, 100000, 'Gamis dan khimar'),
(22, '2017-04-12', 1, 15, 470000, ''),
(23, '2017-04-12', 3, 3, 75000, ''),
(24, '2017-04-12', 4, 3, 250000, 'Gamis dan khimar'),
(25, '2017-04-13', 1, 26, 730000, ''),
(26, '2017-04-14', 1, 6, 175000, ''),
(27, '2017-04-14', 3, 1, 45000, ''),
(28, '2017-04-15', 1, 16, 430000, ''),
(29, '2017-04-16', 1, 19, 515000, ''),
(30, '2017-04-17', 1, 12, 320000, ''),
(31, '2017-04-18', 1, 34, 935000, ''),
(32, '2017-04-19', 1, 17, 510000, ''),
(33, '2017-04-19', 3, 1, 60000, ''),
(34, '2017-04-19', 4, 3, 250000, ''),
(35, '2017-04-20', 1, 14, 345000, ''),
(36, '2017-04-21', 1, 28, 755000, ''),
(37, '2017-04-21', 3, 1, 35000, 'Gamis jersey'),
(38, '2017-04-22', 1, 5, 145000, ''),
(39, '2017-04-23', 1, 8, 240000, ''),
(40, '2017-04-24', 1, 16, 445000, ''),
(41, '2017-04-24', 3, 3, 90000, ''),
(42, '2017-04-25', 1, 16, 455000, ''),
(43, '2017-04-26', 1, 17, 520000, ''),
(44, '2017-04-27', 1, 21, 600000, ''),
(45, '2017-04-27', 4, 1, 75000, ''),
(46, '2017-04-27', 3, 1, 35000, ''),
(47, '2017-04-28', 1, 13, 390000, ''),
(48, '2017-04-29', 1, 21, 590000, ''),
(49, '2017-04-29', 3, 3, 90000, ''),
(50, '2017-04-30', 1, 12, 390000, ''),
(51, '2017-05-01', 1, 27, 720000, ''),
(52, '2017-05-01', 3, 3, 150000, ''),
(53, '2017-05-02', 1, 26, 745000, ''),
(54, '2017-05-02', 3, 2, 75000, ''),
(55, '2017-05-02', 5, 10, 50000, ''),
(56, '2017-05-03', 1, 29, 795000, ''),
(57, '2017-05-03', 4, 1, 100000, 'Gamis+khimar'),
(58, '2017-05-04', 3, 2, 70000, ''),
(59, '2017-05-04', 1, 35, 940000, ''),
(60, '2017-05-05', 1, 18, 420000, ''),
(61, '2017-05-05', 3, 8, 205000, ''),
(62, '2017-05-06', 1, 23, 610000, ''),
(63, '2017-05-06', 3, 1, 35000, ''),
(64, '2017-05-06', 5, 4, 40000, ''),
(65, '2017-05-07', 1, 26, 720000, ''),
(66, '2017-05-07', 3, 3, 90000, ''),
(67, '2017-05-08', 1, 28, 730000, ''),
(68, '2017-05-09', 3, 4, 180000, ''),
(69, '2017-05-08', 4, 2, 100000, ''),
(70, '2017-05-09', 1, 9, 215000, ''),
(71, '2017-05-09', 3, 8, 320000, ''),
(72, '2017-05-09', 4, 2, 100000, ''),
(73, '2017-05-10', 1, 13, 350000, ''),
(74, '2017-05-10', 3, 5, 150000, ''),
(75, '2017-05-11', 1, 11, 300000, ''),
(76, '2017-05-12', 4, 1, 70000, ''),
(77, '2017-05-12', 1, 15, 400000, ''),
(78, '2017-05-13', 3, 2, 110000, ''),
(79, '2017-05-13', 1, 12, 310000, ''),
(80, '2017-05-14', 1, 11, 260000, ''),
(81, '2017-05-15', 4, 1, 75000, ''),
(82, '2017-05-15', 1, 12, 345000, ''),
(83, '2017-05-16', 1, 15, 445000, ''),
(84, '2017-05-16', 3, 3, 90000, ''),
(85, '2017-05-16', 4, 1, 75000, ''),
(86, '2017-05-17', 1, 29, 735000, ''),
(87, '2017-05-17', 4, 2, 150000, ''),
(88, '2017-05-17', 3, 2, 65000, ''),
(89, '2017-05-17', 5, 5, 25000, ''),
(90, '2017-05-18', 1, 27, 675000, ''),
(91, '2017-05-18', 3, 1, 20000, ''),
(92, '2017-05-18', 4, 1, 70000, ''),
(93, '2017-05-18', 5, 7, 35000, ''),
(94, '2017-05-19', 5, 3, 15000, ''),
(95, '2017-05-19', 3, 3, 90000, ''),
(96, '2017-05-19', 4, 1, 75000, ''),
(97, '2017-05-19', 1, 20, 515000, ''),
(98, '2017-05-26', 1, 32, 935000, ''),
(99, '2017-05-26', 3, 5, 190000, ''),
(100, '2017-05-27', 1, 16, 430000, ''),
(101, '2017-05-28', 1, 19, 525000, ''),
(102, '2017-05-28', 3, 1, 50000, ''),
(103, '2017-05-29', 1, 35, 1045000, ''),
(104, '2017-05-29', 4, 3, 205000, ''),
(105, '2017-05-30', 1, 36, 1000000, ''),
(106, '2017-05-30', 4, 7, 415000, ''),
(107, '2017-05-30', 3, 4, 115000, ''),
(108, '2017-05-31', 5, 10, 55000, ''),
(109, '2017-05-31', 1, 55, 1465000, ''),
(110, '2017-05-31', 3, 3, 110000, ''),
(111, '2017-06-01', 1, 25, 685000, ''),
(112, '2017-06-01', 3, 3, 135000, ''),
(113, '2017-06-02', 1, 44, 1240000, ''),
(114, '2017-06-02', 3, 1, 30000, ''),
(115, '2017-06-02', 4, 3, 215000, ''),
(116, '2017-06-03', 1, 22, 660000, ''),
(117, '2017-06-03', 4, 3, 220000, ''),
(118, '2017-06-04', 1, 20, 605000, ''),
(119, '2017-06-04', 3, 1, 50000, ''),
(120, '2017-06-04', 4, 6, 300000, ''),
(121, '2017-06-05', 1, 36, 860000, ''),
(122, '2017-06-05', 3, 3, 90000, ''),
(123, '2017-06-05', 4, 1, 70000, ''),
(124, '2017-06-06', 1, 41, 1165000, ''),
(125, '2017-06-06', 4, 1, 50000, ''),
(126, '2017-06-07', 1, 33, 1030000, ''),
(127, '2017-06-07', 3, 2, 70000, ''),
(128, '2017-06-08', 1, 29, 825000, ''),
(129, '2017-06-08', 3, 2, 80000, ''),
(130, '2017-06-08', 4, 2, 125000, ''),
(131, '2017-06-09', 1, 43, 1200000, ''),
(132, '2017-06-09', 3, 2, 70000, ''),
(133, '2017-06-09', 4, 1, 50000, ''),
(135, '2017-06-10', 1, 26, 750000, ''),
(136, '2017-06-10', 4, 2, 125000, ''),
(137, '2017-06-11', 1, 27, 815000, ''),
(138, '2017-06-11', 3, 6, 275000, ''),
(139, '2017-06-12', 1, 46, 1230000, ''),
(140, '2017-06-12', 3, 2, 40000, ''),
(141, '2017-06-13', 1, 42, 1265000, ''),
(142, '2017-06-13', 4, 1, 70000, ''),
(143, '2017-06-14', 1, 32, 930000, ''),
(144, '2017-06-14', 3, 5, 205000, ''),
(145, '2017-06-14', 4, 8, 500000, ''),
(146, '2017-06-15', 1, 49, 1380000, ''),
(147, '2017-06-15', 3, 1, 40000, ''),
(148, '2017-06-15', 4, 2, 140000, ''),
(149, '2017-06-16', 1, 51, 1565000, ''),
(150, '2017-06-16', 3, 4, 150000, ''),
(151, '2017-06-16', 4, 6, 330000, ''),
(152, '2017-06-17', 3, 2, 70000, ''),
(153, '2017-06-17', 4, 1, 55000, ''),
(154, '2017-06-17', 1, 64, 1770000, ''),
(155, '2017-06-18', 1, 70, 1700000, ''),
(156, '2017-06-18', 3, 13, 365000, ''),
(157, '2017-06-18', 3, 1, 55000, ''),
(158, '2017-07-04', 1, 17, 430000, ''),
(159, '2017-07-04', 3, 8, 225000, ''),
(160, '2017-07-04', 4, 9, 540000, ''),
(161, '2017-07-05', 1, 21, 595000, ''),
(162, '2017-07-05', 4, 2, 150000, ''),
(163, '2017-07-06', 1, 15, 415000, ''),
(164, '2017-07-06', 3, 3, 90000, ''),
(165, '2017-07-07', 1, 19, 495000, ''),
(166, '2017-07-08', 1, 20, 580000, ''),
(167, '2017-07-08', 3, 1, 45000, ''),
(168, '2017-07-08', 1, 12, 305000, ''),
(169, '2017-07-09', 1, 9, 245000, ''),
(170, '2017-07-10', 1, 14, 350000, ''),
(171, '2017-07-11', 1, 22, 580000, ''),
(172, '2017-07-11', 5, 5, 20000, ''),
(173, '2017-07-11', 3, 5, 155000, ''),
(174, '2017-07-11', 4, 1, 75000, ''),
(175, '2017-07-12', 1, 23, 615000, ''),
(176, '2017-07-13', 1, 37, 830000, ''),
(177, '2017-07-14', 1, 30, 750000, ''),
(178, '2017-07-15', 1, 14, 434000, ''),
(179, '2017-07-16', 1, 22, 546000, ''),
(180, '2017-07-17', 1, 26, 775000, ''),
(181, '2017-07-18', 1, 33, 870000, ''),
(182, '2017-07-19', 1, 46, 1325000, ''),
(183, '2017-07-20', 1, 48, 1080000, ''),
(184, '2017-07-21', 1, 42, 1090000, ''),
(185, '2017-07-22', 1, 21, 505000, ''),
(186, '2017-07-23', 1, 23, 580000, ''),
(187, '2017-07-24', 1, 13, 365000, ''),
(188, '2017-07-25', 1, 29, 744000, ''),
(189, '2017-07-26', 1, 13, 400000, ''),
(190, '2017-07-27', 1, 20, 500000, ''),
(191, '2017-07-28', 1, 26, 680000, ''),
(192, '2017-07-29', 1, 17, 490000, ''),
(193, '2017-07-30', 1, 21, 690000, ''),
(194, '2017-07-31', 4, 2, 100000, ''),
(195, '2017-07-31', 1, 29, 721000, ''),
(196, '2017-08-01', 1, 20, 524000, ''),
(197, '2017-08-01', 4, 1, 70000, ''),
(198, '2017-08-02', 1, 26, 720000, ''),
(199, '2017-08-02', 4, 1, 70000, ''),
(200, '2017-08-03', 1, 27, 760000, ''),
(201, '2017-08-03', 3, 4, 130000, ''),
(202, '2017-08-04', 1, 39, 965000, ''),
(203, '2017-08-05', 1, 19, 500000, ''),
(204, '2017-08-06', 1, 30, 870000, ''),
(205, '2017-08-08', 1, 18, 520000, ''),
(206, '2017-08-07', 1, 20, 540000, ''),
(207, '2017-08-09', 1, 55, 1376000, ''),
(208, '2017-08-10', 1, 30, 835000, ''),
(209, '2017-08-11', 1, 15, 395000, ''),
(210, '2017-08-12', 1, 20, 595000, ''),
(211, '2017-08-13', 1, 15, 350000, ''),
(212, '2017-08-14', 1, 88, 2296000, ''),
(213, '2017-08-15', 1, 21, 540000, ''),
(214, '2017-08-22', 1, 27, 710000, ''),
(215, '2017-08-23', 1, 58, 1485000, ''),
(216, '2017-08-24', 1, 36, 944000, ''),
(217, '2017-08-25', 1, 42, 1145000, ''),
(218, '2017-08-26', 1, 40, 980000, ''),
(219, '2017-09-02', 1, 28, 665000, ''),
(220, '2017-09-03', 1, 24, 555000, ''),
(221, '2017-09-04', 1, 69, 1410000, ''),
(222, '2017-09-04', 5, 26, 75000, ''),
(223, '2017-09-05', 1, 36, 775000, ''),
(224, '2017-09-06', 1, 83, 1800000, ''),
(225, '2017-09-07', 1, 57, 1219000, ''),
(226, '2017-09-08', 1, 30, 725000, ''),
(227, '2017-09-09', 1, 61, 1303000, ''),
(228, '2017-09-11', 1, 64, 1435000, ''),
(229, '2017-09-12', 1, 41, 944000, ''),
(230, '2017-09-13', 1, 39, 910000, ''),
(231, '2017-09-14', 1, 23, 580000, ''),
(232, '2017-09-15', 1, 52, 998000, ''),
(233, '2017-09-16', 1, 36, 825000, ''),
(234, '2017-09-18', 1, 22, 570000, ''),
(235, '2017-09-19', 1, 40, 925000, ''),
(236, '2017-09-20', 1, 32, 770000, ''),
(237, '2017-09-21', 1, 23, 525000, ''),
(238, '2017-09-22', 1, 60, 1227000, ''),
(239, '2017-09-23', 1, 31, 690000, ''),
(240, '2017-09-25', 1, 60, 1230000, ''),
(241, '2017-09-26', 1, 68, 1498000, ''),
(242, '2017-09-27', 1, 80, 1744000, ''),
(243, '2017-09-28', 1, 42, 959000, ''),
(244, '2017-09-29', 1, 46, 982000, ''),
(245, '2017-09-30', 1, 58, 1153000, ''),
(246, '2017-10-02', 1, 57, 1307000, ''),
(247, '2017-10-03', 1, 48, 1115000, ''),
(248, '2017-10-04', 1, 80, 1771000, ''),
(249, '2017-10-05', 1, 63, 1383000, ''),
(250, '2017-10-06', 1, 38, 811000, ''),
(251, '2017-10-07', 1, 70, 1578000, ''),
(252, '2017-10-09', 1, 73, 1636000, ''),
(253, '2017-10-10', 1, 56, 1251000, ''),
(254, '2017-10-11', 1, 59, 763000, ''),
(255, '2017-10-12', 1, 110, 1600000, ''),
(256, '2017-10-12', 5, 15, 65000, ''),
(257, '2017-10-13', 1, 43, 685000, ''),
(258, '2017-10-16', 1, 45, 1045000, ''),
(259, '2017-10-17', 1, 50, 973000, ''),
(260, '2017-10-18', 1, 45, 956000, ''),
(261, '2017-10-19', 1, 33, 678000, ''),
(262, '2017-10-20', 1, 49, 860000, ''),
(263, '2017-10-21', 1, 38, 690000, ''),
(264, '2017-10-23', 1, 83, 1689000, ''),
(265, '2017-10-24', 1, 52, 747000, ''),
(266, '2017-10-25', 1, 57, 850000, ''),
(267, '2017-10-26', 1, 23, 476000, ''),
(268, '2017-10-27', 1, 68, 1252000, ''),
(269, '2017-10-28', 1, 49, 754000, ''),
(270, '2017-10-30', 1, 94, 1939000, ''),
(271, '2017-10-31', 1, 70, 1340000, ''),
(272, '2017-11-01', 1, 51, 1026000, ''),
(273, '2017-11-02', 1, 95, 1593000, ''),
(274, '2017-11-03', 1, 55, 798000, ''),
(275, '2017-11-04', 1, 22, 404000, ''),
(276, '2017-11-06', 1, 50, 940000, ''),
(277, '2017-11-07', 1, 51, 693000, ''),
(278, '2017-11-08', 1, 42, 863000, ''),
(279, '2017-11-09', 1, 49, 802000, ''),
(280, '2017-11-10', 1, 29, 661000, ''),
(281, '2017-11-11', 1, 32, 589000, ''),
(282, '2017-11-13', 1, 90, 1643000, ''),
(283, '2017-11-14', 1, 22, 445000, ''),
(284, '2017-11-15', 1, 92, 904000, ''),
(285, '2017-11-16', 1, 40, 758000, ''),
(286, '2017-11-17', 1, 42, 563000, ''),
(287, '2017-11-18', 1, 42, 721000, ''),
(288, '2017-11-20', 1, 79, 1247000, ''),
(289, '2017-11-21', 1, 36, 647000, ''),
(290, '2017-11-22', 1, 36, 719000, ''),
(291, '2017-11-23', 1, 54, 912000, ''),
(292, '2017-11-24', 1, 59, 1159000, 'Khimar'),
(293, '2017-11-25', 1, 30, 552000, ''),
(294, '2017-11-27', 1, 94, 1664000, ''),
(295, '2017-11-28', 1, 73, 1460000, ''),
(296, '2017-11-29', 1, 83, 1306000, ''),
(297, '2017-11-30', 1, 79, 1303000, ''),
(298, '2017-12-02', 1, 115, 2099000, ''),
(299, '2017-12-04', 1, 67, 1273000, ''),
(300, '2017-12-05', 1, 48, 896000, ''),
(301, '2017-12-06', 1, 63, 1295000, ''),
(302, '2017-12-07', 1, 53, 948000, ''),
(303, '2017-12-08', 1, 48, 890000, ''),
(304, '2017-12-09', 1, 24, 570000, ''),
(305, '2017-12-11', 1, 66, 1194000, ''),
(306, '2017-12-12', 1, 87, 1424000, ''),
(307, '2017-12-13', 1, 118, 2204000, ''),
(308, '2017-12-14', 1, 41, 925000, ''),
(309, '2017-12-15', 1, 92, 1553000, ''),
(310, '2017-12-16', 1, 48, 729000, 'Khimar'),
(311, '2017-12-18', 1, 81, 1647000, 'khimar'),
(312, '2017-12-19', 1, 79, 1479000, 'khimar'),
(313, '2017-12-20', 1, 41, 893000, 'khimar'),
(314, '2017-12-21', 1, 47, 930000, 'khimar'),
(315, '2017-12-22', 1, 42, 931000, 'khimar'),
(316, '2017-12-23', 1, 54, 995000, 'khimar'),
(317, '2017-12-25', 1, 39, 828000, 'khimar'),
(318, '2017-12-26', 1, 31, 682000, 'khimar'),
(319, '2017-12-27', 1, 50, 1066000, 'khimar'),
(320, '2017-12-28', 1, 21, 387000, 'khimar'),
(321, '2017-12-29', 1, 32, 718000, 'khimar'),
(322, '2017-12-30', 1, 50, 881000, 'khimar'),
(323, '2017-12-31', 1, 27, 586000, 'khimar'),
(324, '2018-01-02', 1, 68, 1206000, 'khimar'),
(325, '2018-01-03', 1, 81, 1582000, ''),
(326, '2018-01-04', 1, 54, 1144000, ''),
(327, '2018-01-05', 1, 62, 1257000, ''),
(328, '2018-01-06', 1, 59, 1284000, ''),
(329, '2018-01-08', 1, 103, 1828000, ''),
(330, '2018-01-09', 1, 80, 1242000, ''),
(331, '2018-01-10', 1, 49, 916000, ''),
(332, '2018-01-11', 1, 86, 1637000, ''),
(333, '2018-01-12', 1, 48, 879000, ''),
(334, '2018-01-13', 1, 51, 996000, ''),
(335, '2018-01-15', 1, 110, 2029000, ''),
(336, '2018-01-16', 1, 108, 1770000, ''),
(337, '2018-01-17', 1, 87, 1456000, ''),
(338, '2018-01-18', 1, 70, 1520000, ''),
(339, '2018-01-19', 1, 67, 1112000, ''),
(340, '2018-01-20', 1, 23, 505000, ''),
(341, '2018-01-22', 1, 127, 2700000, ''),
(342, '2018-01-23', 1, 66, 1307000, ''),
(343, '2018-01-24', 1, 89, 1697000, ''),
(344, '2018-01-25', 1, 61, 1246000, ''),
(345, '2018-01-27', 1, 115, 1940000, ''),
(346, '2018-01-29', 1, 94, 1645000, ''),
(347, '2018-01-30', 1, 114, 1941000, ''),
(348, '2018-01-31', 1, 52, 1040000, ''),
(349, '2018-02-01', 1, 71, 1223000, ''),
(350, '2018-02-02', 1, 79, 1716000, ''),
(351, '2018-02-03', 1, 48, 861000, ''),
(352, '2018-02-05', 1, 83, 1610000, ''),
(353, '2018-02-06', 1, 56, 1045000, ''),
(354, '2018-02-07', 1, 98, 1505000, ''),
(355, '2018-02-08', 1, 59, 1137000, ''),
(356, '2018-02-09', 1, 139, 2224000, ''),
(357, '2018-02-10', 1, 69, 1246000, ''),
(358, '2018-02-12', 1, 112, 1745000, ''),
(359, '2018-02-13', 1, 80, 1124000, ''),
(360, '2018-02-14', 1, 61, 1140000, ''),
(361, '2018-02-15', 1, 40, 583000, ''),
(362, '2018-02-17', 1, 110, 2040000, ''),
(363, '2018-02-19', 1, 63, 954000, ''),
(364, '2018-02-20', 1, 75, 1252000, ''),
(365, '2018-02-21', 1, 105, 1703000, ''),
(366, '2018-02-22', 1, 48, 755000, ''),
(367, '2018-02-23', 1, 61, 1113000, ''),
(368, '2018-02-24', 1, 46, 756000, ''),
(369, '2018-02-26', 1, 148, 2371000, ''),
(370, '2018-02-27', 1, 76, 1315000, ''),
(371, '2018-02-28', 1, 94, 1930000, ''),
(372, '2018-03-01', 1, 85, 1770000, ''),
(373, '2018-03-02', 1, 44, 1099000, ''),
(374, '2018-03-03', 1, 60, 1397000, ''),
(375, '2018-03-05', 1, 109, 2198000, ''),
(376, '2018-03-06', 1, 92, 1954000, ''),
(377, '2018-03-07', 1, 98, 2264000, ''),
(378, '2018-03-08', 1, 67, 1230000, ''),
(379, '2018-03-10', 1, 190, 3377000, ''),
(380, '2018-03-12', 1, 130, 2425000, ''),
(381, '2018-03-13', 1, 73, 1686000, ''),
(382, '2018-03-14', 1, 96, 1953000, ''),
(383, '2018-03-15', 1, 92, 1739000, ''),
(384, '2018-03-16', 1, 97, 1767000, ''),
(385, '2018-03-17', 1, 74, 1671000, ''),
(386, '2018-03-19', 1, 127, 2159000, ''),
(387, '2018-03-20', 1, 130, 2000000, ''),
(388, '2018-03-21', 1, 105, 1653000, ''),
(389, '2018-03-22', 1, 97, 1980000, ''),
(390, '2018-03-23', 1, 117, 1991000, ''),
(391, '2018-03-24', 1, 82, 1507000, ''),
(392, '2018-03-26', 1, 80, 1477000, ''),
(393, '2018-03-27', 1, 92, 1685000, ''),
(394, '2018-03-28', 1, 111, 2458000, ''),
(395, '2018-03-29', 1, 173, 2788000, ''),
(396, '2018-03-31', 1, 48, 992000, '');

-- --------------------------------------------------------

--
-- Struktur dari tabel `role`
--

CREATE TABLE IF NOT EXISTS `role` (
  `id_role` int(10) NOT NULL AUTO_INCREMENT,
  `nama` varchar(20) DEFAULT NULL,
  `keterangan` varchar(20) DEFAULT NULL,
  PRIMARY KEY (`id_role`)
) ENGINE=MyISAM  DEFAULT CHARSET=latin1 AUTO_INCREMENT=3 ;

--
-- Dumping data untuk tabel `role`
--

INSERT INTO `role` (`id_role`, `nama`, `keterangan`) VALUES
(1, 'Administrator', 'Super User'),
(2, 'Investor', 'User Investor');

-- --------------------------------------------------------

--
-- Struktur dari tabel `useraccount`
--

CREATE TABLE IF NOT EXISTS `useraccount` (
  `userid` bigint(20) NOT NULL AUTO_INCREMENT,
  `username` varchar(50) DEFAULT NULL,
  `email` varchar(50) DEFAULT NULL,
  `Password` varchar(50) CHARACTER SET utf8 NOT NULL,
  `Fullname` varchar(100) NOT NULL,
  `Phone` varchar(50) DEFAULT NULL,
  `City` text CHARACTER SET utf32,
  `slot` int(10) DEFAULT NULL,
  `nama_bank` varchar(100) DEFAULT NULL,
  `rek_bank` varchar(100) DEFAULT NULL,
  `IsActive` tinyint(1) NOT NULL,
  `role` int(10) DEFAULT NULL,
  `sysCreatedBy` varchar(50) DEFAULT NULL,
  `sysCreatedDate` datetime DEFAULT NULL,
  `sysModifiedBy` varchar(50) DEFAULT NULL,
  `sysModifiedDate` datetime DEFAULT NULL,
  PRIMARY KEY (`userid`)
) ENGINE=MyISAM  DEFAULT CHARSET=latin1 AUTO_INCREMENT=31 ;

--
-- Dumping data untuk tabel `useraccount`
--

INSERT INTO `useraccount` (`userid`, `username`, `email`, `Password`, `Fullname`, `Phone`, `City`, `slot`, `nama_bank`, `rek_bank`, `IsActive`, `role`, `sysCreatedBy`, `sysCreatedDate`, `sysModifiedBy`, `sysModifiedDate`) VALUES
(14, 'fajarindratmo', 'indratmofajar@gmail.com', '1afc1316642e1b5b1227c54dbcf2e67d', 'fajar indratmo', '083879911196', 'Jakarta', 24, 'Bank Syariah Mandiri', '7060522507', 1, 2, 'ari', '2018-03-09 10:42:55', NULL, NULL),
(26, 'das', 'danang.arief.s@gmail.com', '2a6571da26602a67be14ea8c5ab82349', 'Danang Arief S', '085624080246', 'Jakarta Selatan (Praisindo)', 50, 'BCA', '0480776895', 1, 2, 'ari', '2018-04-04 02:57:05', NULL, NULL),
(15, 'ari', 'ariyani_surya@gmail.com', '82cdc8a6572545f9158e4300ffef39c1', 'Ari Suryani', '082122751521', 'DKI Jakarta, Jakarta Pusat, Cikini Raya', 0, 'Bank Syariah Mandiri', '032525454343', 1, 1, 'ari', '2017-06-12 04:43:00', NULL, NULL),
(29, 'elisanurhikmah', 'enhikmah@gmail.com', 'e10adc3949ba59abbe56e057f20f883e', 'Elisah nur hikmah', '087889339133', 'Jakarta timur', 6, 'Mandiri', '1670000423466', 1, 2, 'ari', '2018-03-07 02:28:37', NULL, NULL),
(30, 'riza', 'riza.rakhadian@gmail.com', '827ccb0eea8a706c4c34a16891f84e7b', 'Riza Rakhadian Brotodirejo', '085695364045', 'Jakarta', 20, 'CIMB', '701065597400', 1, 2, 'ari', '2018-04-04 03:12:39', NULL, NULL),
(17, 'alchadiantoro', 'alcahdiantoro@gmail.com', 'c61d62cfe32080ac84ea8e00021db100', 'alchadiantoro', '082113881070', 'cikarang barat bekasi', 10, 'cimb niaga', '6750100231120', 1, 2, 'ari', '2018-03-07 02:24:44', NULL, NULL),
(18, 'sitisarsilah', 'sarshila@gmail.com', '033426b26723752f8cefb6ab73b99aed', 'siti sarsilah', '085719159595', 'sunter jaya, jakut', 60, 'bni', '0375063837', 1, 2, 'ari', '2018-04-04 02:58:29', NULL, NULL),
(19, 'rimadhanisyafei', 'rima3684@gmail.com', '39e16940ced1b0b1e473cd0110f749ee', 'rimadhani syafei', '081284124753', 'cinere, depok', 68, 'bsm', '7097229559', 1, 2, 'ari', '2018-04-04 02:59:04', NULL, NULL),
(20, 'Diana ', 'dianamuchdie@gmail.com', '2c307583faba306d0a3472d3e0ebcd43', 'mardiana', '082113517757', 'tambun, bekasi', 2, 'bca', '0931385649', 1, 2, 'mardiana', '2017-04-30 12:31:47', NULL, NULL),
(21, 'yunitanurutami', 'asuryani13278@icloud.com', '09ed3b5310b9903d553680e62284059e', 'yunita nur utami', '085647451906', 'tawangsari, sukoharjo', 46, 'bpd jateng', '6053002865', 1, 2, 'ari', '2018-04-04 02:57:31', NULL, NULL),
(22, 'rohmatzaenuri', 'zaenurirohmat@gmail.com', '928c756d4e523b2eff29ff9c1ca4dd39', 'rohmat zaenuri', '083845523156', 'mustika jaya, bekasi', 20, 'ocbc nisp', '105810044203', 1, 2, 'ari', '2018-03-07 02:26:22', NULL, NULL),
(23, 'ivanzuchaeri', 'ivanzuchaeri42@gmail.com', '95c8054f1c91089c04faf96f98e12222', 'ivan zuchaeri', '081224514179', 'serang, banten', 92, 'bsm', '7020689999', 1, 2, 'ari', '2018-03-07 02:25:25', NULL, NULL),
(27, 'astrid', 'aick.augustina@gmail.com', '8ce5b08166e3a739b438bb5f541c18dc', 'Astrid Agustina', '085867498090', 'Perum Griya Kota Bekasi II Blok CX-10 no.34 Tambun Utara', 10, 'Mandiri', '1200006602283', 1, 2, 'ari', '2018-03-09 10:21:12', NULL, NULL),
(28, 'nila', 'Nilasari849@gmail.com', '4cf49ed737012a026800eaf4607da43a', 'Nila Sari', '087736139021', 'Pojok. Sukoharjo', 25, 'BCA', '8265015791', 1, 2, 'ari', '2018-04-04 02:58:45', NULL, NULL);

/*!40101 SET CHARACTER_SET_CLIENT=@OLD_CHARACTER_SET_CLIENT */;
/*!40101 SET CHARACTER_SET_RESULTS=@OLD_CHARACTER_SET_RESULTS */;
/*!40101 SET COLLATION_CONNECTION=@OLD_COLLATION_CONNECTION */;
